"","ypred"
"2","Jazz"
"5","Rock"
"8","Jazz"
"9","Jazz"
"10","Rock"
"11","Jazz"
"12","Classical"
"13","Jazz"
"18","Pop"
"20","Metal"
"21","Classical"
"23","Classical"
"24","Jazz"
"31","Blues"
"33","Pop"
"35","Jazz"
"42","Jazz"
"43","Classical"
"45","Metal"
"49","Jazz"
"50","Rock"
"52","Blues"
"53","Metal"
"57","Jazz"
"60","Jazz"
"62","Pop"
"66","Pop"
"70","Pop"
"71","Jazz"
"72","Pop"
"74","Jazz"
"76","Rock"
"78","Pop"
"85","Classical"
"86","Rock"
"88","Pop"
"89","Classical"
"93","Blues"
"94","Classical"
"96","Jazz"
"100","Blues"
"103","Jazz"
"104","Classical"
"105","Blues"
"106","Rock"
"107","Classical"
"111","Rock"
"114","Blues"
"115","Metal"
"119","Jazz"
"120","Pop"
"123","Jazz"
"124","Jazz"
"125","Rock"
"126","Jazz"
"131","Classical"
"142","Classical"
"150","Classical"
"152","Classical"
"154","Jazz"
"157","Jazz"
"158","Jazz"
"159","Blues"
"164","Pop"
"171","Pop"
"174","Blues"
"176","Pop"
"177","Jazz"
"178","Jazz"
"179","Blues"
"183","Jazz"
"184","Pop"
"187","Blues"
"188","Blues"
"189","Jazz"
"192","Rock"
"194","Rock"
"195","Metal"
"200","Rock"
"201","Classical"
"202","Classical"
"205","Pop"
"209","Rock"
"212","Rock"
"216","Pop"
"218","Classical"
"222","Pop"
"223","Pop"
"227","Rock"
"228","Classical"
"230","Blues"
"232","Pop"
"238","Classical"
"248","Pop"
"250","Metal"
"253","Classical"
"254","Metal"
"255","Metal"
"256","Jazz"
"257","Rock"
"258","Classical"
"264","Classical"
"266","Jazz"
"267","Classical"
"268","Classical"
"272","Jazz"
"276","Rock"
"278","Classical"
"279","Metal"
"285","Classical"
"286","Classical"
"289","Pop"
"292","Metal"
"293","Rock"
"294","Blues"
"298","Classical"
"302","Blues"
"304","Metal"
"305","Jazz"
"307","Classical"
"311","Jazz"
"315","Blues"
"323","Classical"
"336","Blues"
"337","Rock"
"339","Classical"
"342","Pop"
"343","Blues"
"344","Blues"
"346","Pop"
"350","Pop"
"351","Classical"
"353","Blues"
"356","Classical"
"357","Jazz"
"358","Blues"
"362","Jazz"
"365","Rock"
"366","Classical"
"367","Jazz"
"368","Jazz"
"371","Classical"
"372","Classical"
"378","Classical"
"381","Rock"
"382","Jazz"
"385","Jazz"
"389","Jazz"
"390","Pop"
"399","Rock"
"400","Metal"
"402","Rock"
"410","Rock"
"412","Classical"
"415","Metal"
"417","Metal"
"420","Classical"
"425","Jazz"
"426","Classical"
"428","Blues"
"431","Jazz"
"433","Classical"
"438","Classical"
"439","Classical"
"440","Metal"
"444","Jazz"
"446","Blues"
"447","Classical"
"449","Jazz"
"459","Pop"
"466","Blues"
"468","Rock"
"471","Classical"
"472","Rock"
"473","Jazz"
"475","Rock"
"477","Blues"
"483","Rock"
"489","Classical"
"493","Jazz"
"495","Classical"
"496","Jazz"
"497","Jazz"
"499","Classical"
"506","Jazz"
"507","Classical"
"508","Metal"
"509","Jazz"
"515","Pop"
"516","Rock"
"519","Metal"
"528","Jazz"
"529","Jazz"
"537","Blues"
"539","Classical"
"542","Jazz"
"544","Blues"
"545","Jazz"
"548","Classical"
"551","Jazz"
"554","Classical"
"555","Classical"
"559","Metal"
"562","Rock"
"563","Classical"
"565","Classical"
"567","Jazz"
"568","Classical"
"575","Classical"
"577","Classical"
"578","Rock"
"584","Jazz"
"585","Classical"
"588","Classical"
"592","Classical"
"595","Pop"
"600","Pop"
"603","Jazz"
"607","Classical"
"609","Rock"
"612","Classical"
"618","Jazz"
"620","Jazz"
"622","Blues"
"625","Blues"
"627","Jazz"
"629","Rock"
"631","Blues"
"632","Jazz"
"638","Classical"
"639","Jazz"
"642","Classical"
"645","Classical"
"651","Blues"
"652","Classical"
"658","Blues"
"670","Jazz"
"674","Jazz"
"678","Jazz"
"681","Jazz"
"685","Rock"
"690","Classical"
"691","Jazz"
"693","Jazz"
"694","Rock"
"696","Pop"
"705","Classical"
"707","Classical"
"708","Jazz"
"709","Jazz"
"710","Classical"
"711","Rock"
"712","Pop"
"730","Classical"
"734","Blues"
"735","Jazz"
"736","Blues"
"737","Classical"
"742","Blues"
"743","Classical"
"745","Classical"
"747","Pop"
"750","Jazz"
"752","Classical"
"754","Classical"
"757","Blues"
"758","Jazz"
"760","Classical"
"762","Blues"
"766","Pop"
"767","Pop"
"772","Classical"
"774","Pop"
"775","Classical"
"780","Pop"
"781","Classical"
"782","Classical"
"783","Classical"
"784","Rock"
"788","Metal"
"789","Jazz"
"790","Pop"
"799","Jazz"
"800","Blues"
"801","Jazz"
"802","Classical"
"807","Pop"
"808","Jazz"
"811","Rock"
"813","Blues"
"819","Classical"
"820","Classical"
"821","Pop"
"824","Jazz"
"825","Jazz"
"829","Metal"
"832","Rock"
"833","Classical"
"834","Blues"
"836","Classical"
"841","Blues"
"843","Pop"
"844","Rock"
"845","Jazz"
"848","Classical"
"849","Metal"
"850","Classical"
"857","Jazz"
"865","Rock"
"868","Blues"
"869","Pop"
"879","Jazz"
"885","Metal"
"890","Classical"
"895","Classical"
"897","Pop"
"901","Rock"
"903","Classical"
"904","Classical"
"907","Classical"
"914","Jazz"
"915","Jazz"
"917","Rock"
"923","Jazz"
"926","Metal"
"927","Pop"
"928","Rock"
"930","Classical"
"933","Pop"
"937","Blues"
"939","Blues"
"941","Rock"
"943","Metal"
"947","Jazz"
"950","Classical"
"951","Metal"
"953","Rock"
"954","Classical"
"955","Jazz"
"956","Classical"
"957","Blues"
"958","Jazz"
"960","Jazz"
"961","Jazz"
"963","Pop"
"964","Classical"
"968","Blues"
"969","Pop"
"971","Jazz"
"975","Classical"
"981","Classical"
"984","Classical"
"985","Jazz"
"987","Jazz"
"992","Jazz"
"995","Jazz"
"996","Jazz"
"998","Classical"
"1002","Blues"
"1009","Jazz"
"1013","Jazz"
"1014","Pop"
"1015","Jazz"
"1027","Jazz"
"1028","Jazz"
"1029","Jazz"
"1032","Rock"
"1033","Jazz"
"1039","Blues"
"1045","Classical"
"1047","Pop"
"1048","Classical"
"1049","Rock"
"1050","Classical"
"1051","Jazz"
"1055","Jazz"
"1056","Blues"
"1058","Jazz"
"1060","Blues"
"1061","Rock"
"1063","Rock"
"1064","Classical"
"1066","Metal"
"1068","Jazz"
"1074","Blues"
"1077","Jazz"
"1080","Blues"
"1081","Jazz"
"1084","Classical"
"1085","Rock"
"1086","Classical"
"1087","Rock"
"1091","Blues"
"1093","Rock"
"1094","Pop"
"1100","Classical"
"1102","Classical"
"1105","Jazz"
"1111","Pop"
"1112","Blues"
"1113","Pop"
"1114","Rock"
"1117","Blues"
"1118","Jazz"
"1119","Blues"
"1121","Blues"
"1122","Jazz"
"1125","Classical"
"1126","Metal"
"1127","Jazz"
"1132","Classical"
"1135","Jazz"
"1136","Metal"
"1138","Pop"
"1140","Pop"
"1142","Blues"
"1143","Jazz"
"1147","Jazz"
"1151","Classical"
"1152","Classical"
"1153","Jazz"
"1155","Classical"
"1156","Jazz"
"1157","Rock"
"1159","Classical"
"1166","Blues"
"1168","Rock"
"1170","Jazz"
"1171","Blues"
"1173","Classical"
"1178","Rock"
"1180","Blues"
"1181","Rock"
"1183","Rock"
"1187","Classical"
"1188","Jazz"
"1189","Jazz"
"1194","Jazz"
"1196","Classical"
"1201","Jazz"
"1202","Jazz"
"1206","Classical"
"1207","Pop"
"1211","Classical"
"1212","Classical"
"1215","Jazz"
"1217","Blues"
"1219","Blues"
"1220","Jazz"
"1226","Classical"
"1227","Blues"
"1228","Classical"
"1230","Classical"
"1231","Pop"
"1234","Rock"
"1235","Rock"
"1237","Jazz"
"1238","Rock"
"1240","Pop"
"1241","Metal"
"1246","Blues"
"1250","Pop"
"1251","Jazz"
"1255","Classical"
"1256","Rock"
"1257","Jazz"
"1263","Rock"
"1268","Classical"
"1270","Classical"
"1272","Classical"
"1273","Jazz"
"1278","Classical"
"1281","Jazz"
"1282","Classical"
"1283","Classical"
"1285","Rock"
"1287","Blues"
"1291","Classical"
"1296","Jazz"
"1298","Rock"
"1300","Classical"
"1303","Blues"
"1305","Rock"
"1307","Rock"
"1309","Classical"
"1314","Classical"
"1318","Blues"
"1319","Classical"
"1320","Classical"
"1322","Blues"
"1323","Jazz"
"1324","Blues"
"1327","Jazz"
"1329","Classical"
"1331","Classical"
"1333","Classical"
"1334","Jazz"
"1336","Blues"
"1337","Jazz"
"1339","Pop"
"1341","Classical"
"1343","Jazz"
"1345","Jazz"
"1348","Blues"
"1350","Blues"
"1353","Classical"
"1356","Rock"
"1357","Jazz"
"1358","Metal"
"1361","Jazz"
"1363","Classical"
"1364","Classical"
"1365","Blues"
"1367","Blues"
"1369","Classical"
"1374","Metal"
"1375","Jazz"
"1379","Rock"
"1380","Pop"
"1385","Pop"
"1387","Jazz"
"1388","Classical"
"1390","Jazz"
"1395","Blues"
"1396","Classical"
"1397","Blues"
"1404","Pop"
"1407","Jazz"
"1412","Classical"
"1415","Classical"
"1416","Jazz"
"1419","Pop"
"1420","Rock"
"1423","Blues"
"1425","Jazz"
"1430","Pop"
"1433","Classical"
"1434","Jazz"
"1437","Jazz"
"1440","Classical"
"1445","Classical"
"1449","Blues"
"1450","Pop"
"1454","Jazz"
"1455","Jazz"
"1456","Classical"
"1458","Jazz"
"1460","Rock"
"1461","Classical"
"1462","Blues"
"1464","Classical"
"1465","Pop"
"1467","Pop"
"1468","Jazz"
"1469","Classical"
"1471","Rock"
"1472","Metal"
"1477","Jazz"
"1479","Jazz"
"1480","Jazz"
"1485","Jazz"
"1486","Classical"
"1499","Classical"
"1500","Pop"
"1502","Jazz"
"1503","Classical"
"1504","Classical"
"1506","Jazz"
"1507","Rock"
"1508","Classical"
"1510","Classical"
"1515","Pop"
"1519","Rock"
"1534","Jazz"
"1535","Jazz"
"1537","Jazz"
"1539","Pop"
"1540","Pop"
"1541","Jazz"
"1542","Rock"
"1545","Jazz"
"1547","Classical"
"1551","Rock"
"1555","Blues"
"1556","Classical"
"1557","Rock"
"1563","Jazz"
"1564","Jazz"
"1566","Jazz"
"1573","Jazz"
"1578","Classical"
"1585","Rock"
"1586","Classical"
"1589","Jazz"
"1594","Rock"
"1595","Classical"
"1599","Blues"
"1602","Rock"
"1605","Pop"
"1607","Jazz"
"1608","Blues"
"1615","Blues"
"1617","Jazz"
"1618","Jazz"
"1625","Classical"
"1626","Classical"
"1627","Blues"
"1628","Classical"
"1629","Rock"
"1631","Metal"
"1632","Blues"
"1634","Jazz"
"1637","Classical"
"1638","Rock"
"1640","Blues"
"1642","Jazz"
"1646","Classical"
"1658","Rock"
"1661","Classical"
"1662","Jazz"
"1664","Blues"
"1665","Jazz"
"1666","Blues"
"1669","Classical"
"1673","Classical"
"1674","Pop"
"1676","Metal"
"1686","Rock"
"1687","Classical"
"1695","Blues"
"1699","Jazz"
"1704","Rock"
"1705","Classical"
"1707","Rock"
"1709","Pop"
"1711","Classical"
"1714","Pop"
"1715","Classical"
"1717","Blues"
"1719","Jazz"
"1720","Blues"
"1723","Classical"
"1727","Jazz"
"1728","Rock"
"1729","Rock"
"1735","Rock"
"1738","Jazz"
"1739","Classical"
"1741","Blues"
"1743","Rock"
"1745","Classical"
"1751","Jazz"
"1753","Jazz"
"1754","Classical"
"1755","Jazz"
"1756","Pop"
"1757","Pop"
"1761","Blues"
"1763","Jazz"
"1767","Jazz"
"1769","Classical"
"1770","Jazz"
"1772","Classical"
"1775","Metal"
"1777","Classical"
"1784","Blues"
"1788","Blues"
"1794","Jazz"
"1797","Rock"
"1805","Jazz"
"1807","Jazz"
"1811","Pop"
"1815","Blues"
"1816","Jazz"
"1824","Jazz"
"1825","Rock"
"1826","Metal"
"1829","Rock"
"1834","Classical"
"1836","Classical"
"1842","Rock"
"1843","Blues"
"1848","Pop"
"1849","Jazz"
"1854","Pop"
"1856","Classical"
"1862","Pop"
"1867","Blues"
"1868","Classical"
"1870","Blues"
"1872","Blues"
"1875","Classical"
"1879","Rock"
"1884","Jazz"
"1885","Jazz"
"1887","Jazz"
"1888","Pop"
"1889","Blues"
"1892","Classical"
"1894","Jazz"
"1896","Rock"
"1900","Pop"
"1901","Pop"
"1902","Classical"
"1905","Rock"
"1909","Jazz"
"1911","Jazz"
"1912","Blues"
"1914","Rock"
"1916","Rock"
"1917","Pop"
"1918","Classical"
"1923","Jazz"
"1925","Pop"
"1931","Blues"
"1939","Classical"
"1941","Rock"
"1945","Jazz"
"1947","Rock"
"1952","Classical"
"1955","Classical"
"1958","Blues"
"1959","Pop"
"1960","Classical"
"1962","Classical"
"1964","Jazz"
"1969","Rock"
"1970","Classical"
"1972","Classical"
"1973","Jazz"
"1979","Classical"
"1980","Classical"
"1985","Classical"
"1988","Pop"
"1991","Pop"
"1992","Jazz"
"1995","Jazz"
"1997","Classical"
"2000","Metal"
"2005","Rock"
"2006","Jazz"
"2007","Blues"
"2009","Jazz"
"2014","Rock"
"2026","Rock"
"2027","Blues"
"2035","Classical"
"2036","Classical"
"2040","Jazz"
"2048","Rock"
"2049","Blues"
"2050","Classical"
"2061","Jazz"
"2062","Jazz"
"2064","Metal"
"2065","Classical"
"2066","Jazz"
"2068","Classical"
"2070","Jazz"
"2071","Classical"
"2072","Rock"
"2074","Rock"
"2075","Classical"
"2077","Classical"
"2078","Classical"
"2080","Classical"
"2082","Classical"
"2083","Pop"
"2085","Blues"
"2086","Jazz"
"2088","Jazz"
"2089","Rock"
"2090","Classical"
"2091","Classical"
"2092","Jazz"
"2093","Rock"
"2097","Classical"
"2098","Blues"
"2100","Blues"
"2101","Pop"
"2103","Classical"
"2104","Pop"
"2108","Jazz"
"2115","Metal"
"2118","Classical"
"2120","Classical"
"2127","Classical"
"2128","Classical"
"2130","Rock"
"2134","Classical"
"2135","Rock"
"2143","Jazz"
"2144","Jazz"
"2146","Jazz"
"2147","Jazz"
"2151","Jazz"
"2154","Jazz"
"2155","Classical"
"2157","Blues"
"2163","Pop"
"2165","Classical"
"2168","Classical"
"2173","Pop"
"2179","Classical"
"2180","Classical"
"2187","Rock"
"2190","Classical"
"2195","Blues"
"2196","Jazz"
"2197","Classical"
"2199","Classical"
"2200","Jazz"
"2201","Jazz"
"2202","Jazz"
"2203","Classical"
"2204","Blues"
"2205","Blues"
"2207","Jazz"
"2210","Blues"
"2212","Classical"
"2220","Classical"
"2225","Jazz"
"2230","Classical"
"2231","Pop"
"2232","Classical"
"2233","Blues"
"2234","Classical"
"2236","Jazz"
"2237","Blues"
"2241","Jazz"
"2245","Classical"
"2249","Metal"
"2251","Rock"
"2252","Rock"
"2253","Metal"
"2254","Classical"
"2256","Classical"
"2259","Jazz"
"2260","Blues"
"2262","Classical"
"2263","Classical"
"2264","Jazz"
"2268","Jazz"
"2275","Metal"
"2276","Blues"
"2277","Classical"
"2279","Jazz"
"2288","Blues"
"2294","Blues"
"2297","Blues"
"2303","Pop"
"2309","Blues"
"2311","Classical"
"2315","Pop"
"2321","Blues"
"2333","Classical"
"2334","Classical"
"2338","Jazz"
"2339","Jazz"
"2341","Jazz"
"2342","Blues"
"2343","Blues"
"2344","Classical"
"2348","Rock"
"2355","Classical"
"2358","Blues"
"2360","Jazz"
"2361","Rock"
"2366","Rock"
"2372","Rock"
"2376","Classical"
"2383","Classical"
"2385","Metal"
"2386","Pop"
"2390","Classical"
"2392","Jazz"
"2393","Pop"
"2396","Rock"
"2398","Jazz"
"2404","Blues"
"2405","Jazz"
"2406","Metal"
"2407","Classical"
"2415","Classical"
"2420","Classical"
"2425","Metal"
"2428","Pop"
"2434","Jazz"
"2440","Classical"
"2448","Blues"
"2450","Classical"
"2452","Jazz"
"2453","Classical"
"2455","Jazz"
"2458","Classical"
"2460","Jazz"
"2462","Jazz"
"2463","Rock"
"2466","Classical"
"2467","Blues"
"2468","Classical"
"2473","Classical"
"2474","Rock"
"2475","Classical"
"2477","Jazz"
"2479","Jazz"
"2481","Classical"
"2488","Pop"
"2491","Jazz"
"2494","Rock"
"2498","Classical"
"2502","Jazz"
"2503","Rock"
"2505","Classical"
"2514","Rock"
"2517","Jazz"
"2519","Jazz"
"2521","Classical"
"2523","Jazz"
"2526","Pop"
"2527","Blues"
"2529","Rock"
"2533","Blues"
"2534","Pop"
"2535","Blues"
"2537","Blues"
"2545","Blues"
"2546","Classical"
"2547","Pop"
"2549","Classical"
"2550","Metal"
"2553","Blues"
"2554","Metal"
"2557","Metal"
"2561","Jazz"
"2564","Blues"
"2570","Blues"
"2574","Jazz"
"2575","Classical"
"2576","Jazz"
"2582","Jazz"
"2583","Pop"
"2585","Jazz"
"2590","Classical"
"2593","Blues"
"2594","Rock"
"2596","Jazz"
"2598","Jazz"
"2601","Classical"
"2611","Jazz"
"2612","Jazz"
"2613","Classical"
"2614","Metal"
"2621","Rock"
"2628","Jazz"
"2629","Blues"
"2631","Jazz"
"2634","Jazz"
"2635","Jazz"
"2640","Classical"
"2641","Classical"
"2642","Pop"
"2646","Classical"
"2647","Rock"
"2648","Jazz"
"2650","Rock"
"2651","Metal"
"2653","Classical"
"2655","Blues"
"2656","Jazz"
"2658","Jazz"
"2659","Rock"
"2660","Pop"
"2661","Pop"
"2667","Classical"
"2668","Metal"
"2669","Pop"
"2681","Jazz"
"2682","Metal"
"2687","Pop"
"2689","Classical"
"2691","Blues"
"2695","Pop"
"2697","Jazz"
"2700","Jazz"
"2702","Rock"
"2703","Jazz"
"2704","Pop"
"2707","Blues"
"2709","Pop"
"2717","Classical"
"2718","Rock"
"2719","Rock"
"2720","Classical"
"2721","Blues"
"2723","Classical"
"2726","Classical"
"2727","Pop"
"2729","Classical"
"2730","Metal"
"2731","Jazz"
"2733","Classical"
"2735","Classical"
"2736","Pop"
"2740","Pop"
"2743","Rock"
"2745","Pop"
"2749","Pop"
"2753","Jazz"
"2754","Classical"
"2755","Jazz"
"2757","Pop"
"2760","Classical"
"2763","Jazz"
"2764","Jazz"
"2770","Metal"
"2774","Metal"
"2776","Classical"
"2777","Pop"
"2780","Jazz"
"2782","Rock"
"2785","Metal"
"2786","Rock"
"2787","Rock"
"2793","Jazz"
"2794","Rock"
"2798","Blues"
"2801","Jazz"
"2805","Blues"
"2810","Jazz"
"2814","Rock"
"2816","Jazz"
"2818","Classical"
"2821","Pop"
"2824","Pop"
"2825","Pop"
"2829","Jazz"
"2831","Pop"
"2832","Classical"
"2835","Rock"
"2845","Jazz"
"2847","Blues"
"2850","Pop"
"2851","Metal"
"2852","Classical"
"2853","Classical"
"2854","Blues"
"2855","Jazz"
"2856","Metal"
"2862","Metal"
"2863","Jazz"
"2869","Jazz"
"2870","Classical"
"2873","Classical"
"2876","Metal"
"2882","Jazz"
"2886","Blues"
"2890","Blues"
"2891","Metal"
"2893","Jazz"
"2894","Pop"
"2895","Metal"
"2896","Classical"
"2897","Classical"
"2898","Jazz"
"2901","Pop"
"2903","Jazz"
"2905","Rock"
"2907","Blues"
"2909","Jazz"
"2910","Classical"
"2911","Classical"
"2912","Jazz"
"2913","Jazz"
"2915","Rock"
"2916","Jazz"
"2917","Classical"
"2918","Classical"
"2920","Classical"
"2925","Classical"
"2926","Blues"
"2927","Pop"
"2929","Classical"
"2931","Rock"
"2936","Jazz"
"2938","Metal"
"2939","Blues"
"2940","Pop"
"2941","Classical"
"2945","Rock"
"2947","Classical"
"2949","Rock"
"2951","Classical"
"2952","Metal"
"2954","Classical"
"2957","Jazz"
"2958","Blues"
"2959","Blues"
"2960","Classical"
"2965","Jazz"
"2968","Metal"
"2969","Blues"
"2970","Jazz"
"2971","Jazz"
"2976","Classical"
"2977","Metal"
"2982","Jazz"
"2983","Metal"
"2986","Blues"
"2987","Jazz"
"2989","Classical"
"2990","Classical"
"2996","Classical"
"2998","Blues"
"3000","Pop"
"3001","Jazz"
"3002","Pop"
"3005","Rock"
"3008","Classical"
"3009","Jazz"
"3010","Pop"
"3013","Blues"
"3014","Classical"
"3020","Classical"
"3021","Jazz"
"3024","Classical"
"3026","Classical"
"3029","Classical"
"3035","Metal"
"3040","Classical"
"3041","Rock"
"3048","Jazz"
"3049","Classical"
"3053","Jazz"
"3054","Metal"
"3057","Rock"
"3062","Classical"
"3064","Rock"
"3069","Rock"
"3071","Blues"
"3073","Jazz"
"3074","Rock"
"3078","Jazz"
"3080","Jazz"
"3081","Jazz"
"3084","Metal"
"3086","Metal"
"3087","Rock"
"3088","Metal"
"3091","Classical"
"3094","Rock"
"3095","Classical"
"3096","Blues"
"3098","Pop"
"3099","Blues"
"3105","Pop"
"3109","Rock"
"3110","Pop"
"3111","Rock"
"3113","Metal"
"3116","Blues"
"3117","Jazz"
"3118","Blues"
"3121","Blues"
"3122","Classical"
"3124","Pop"
"3133","Jazz"
"3134","Pop"
"3136","Jazz"
"3141","Blues"
"3142","Blues"
"3147","Pop"
"3148","Rock"
"3149","Jazz"
"3151","Metal"
"3155","Classical"
"3161","Classical"
"3162","Rock"
"3163","Jazz"
"3166","Blues"
"3167","Rock"
"3168","Blues"
"3171","Classical"
"3172","Classical"
"3174","Metal"
"3177","Rock"
"3180","Classical"
"3181","Blues"
"3182","Pop"
"3185","Classical"
"3190","Blues"
"3195","Jazz"
"3196","Classical"
"3201","Classical"
"3202","Classical"
"3205","Classical"
"3206","Jazz"
"3207","Rock"
"3208","Rock"
"3211","Classical"
"3214","Jazz"
"3216","Classical"
"3221","Jazz"
"3225","Pop"
"3226","Blues"
"3228","Jazz"
"3231","Rock"
"3240","Classical"
"3241","Rock"
"3242","Pop"
"3243","Jazz"
"3244","Jazz"
"3248","Metal"
"3249","Jazz"
"3250","Pop"
"3251","Jazz"
"3252","Pop"
"3256","Pop"
"3259","Jazz"
"3262","Jazz"
"3264","Rock"
"3265","Pop"
"3267","Jazz"
"3269","Blues"
"3271","Classical"
"3273","Classical"
"3275","Classical"
"3276","Pop"
"3278","Blues"
"3282","Classical"
"3289","Blues"
"3294","Jazz"
"3296","Jazz"
"3302","Classical"
"3303","Metal"
"3305","Rock"
"3307","Classical"
"3308","Pop"
"3310","Jazz"
"3312","Jazz"
"3314","Blues"
"3315","Rock"
"3317","Pop"
"3321","Jazz"
"3323","Pop"
"3325","Classical"
"3331","Metal"
"3335","Rock"
"3336","Jazz"
"3337","Pop"
"3339","Classical"
"3340","Classical"
"3341","Metal"
"3342","Rock"
"3345","Pop"
"3353","Rock"
"3355","Blues"
"3358","Jazz"
"3359","Jazz"
"3362","Classical"
"3364","Metal"
"3365","Jazz"
"3368","Jazz"
"3369","Classical"
"3373","Blues"
"3374","Jazz"
"3376","Jazz"
"3377","Jazz"
"3378","Jazz"
"3383","Jazz"
"3385","Pop"
"3389","Jazz"
"3391","Blues"
"3392","Classical"
"3396","Pop"
"3397","Classical"
"3398","Jazz"
"3404","Jazz"
"3407","Classical"
"3410","Classical"
"3422","Classical"
"3423","Jazz"
"3432","Rock"
"3433","Classical"
"3440","Jazz"
"3441","Metal"
"3443","Classical"
"3445","Blues"
"3449","Classical"
"3455","Classical"
"3456","Jazz"
"3458","Classical"
"3460","Jazz"
"3463","Pop"
"3466","Classical"
"3470","Rock"
"3472","Rock"
"3473","Blues"
"3478","Classical"
"3483","Classical"
"3488","Metal"
"3490","Classical"
"3491","Jazz"
"3492","Jazz"
"3494","Classical"
"3495","Classical"
"3496","Pop"
"3498","Blues"
"3499","Jazz"
"3501","Blues"
"3502","Classical"
"3504","Classical"
"3508","Jazz"
"3509","Rock"
"3511","Pop"
"3512","Jazz"
"3517","Jazz"
"3518","Classical"
"3519","Pop"
"3521","Jazz"
"3526","Classical"
"3527","Classical"
"3532","Metal"
"3534","Blues"
"3536","Rock"
"3537","Classical"
"3538","Pop"
"3539","Classical"
"3541","Classical"
"3542","Jazz"
"3544","Jazz"
"3546","Jazz"
"3548","Blues"
"3549","Jazz"
"3550","Rock"
"3554","Jazz"
"3557","Jazz"
"3559","Classical"
"3562","Jazz"
"3563","Metal"
"3567","Pop"
"3568","Classical"
"3570","Jazz"
"3574","Pop"
"3576","Classical"
"3577","Metal"
"3582","Pop"
"3583","Jazz"
"3585","Classical"
"3587","Classical"
"3589","Classical"
"3593","Pop"
"3599","Jazz"
"3601","Classical"
"3602","Jazz"
"3603","Classical"
"3604","Jazz"
"3606","Blues"
"3607","Rock"
"3608","Jazz"
"3611","Classical"
"3613","Classical"
"3617","Classical"
"3619","Classical"
"3620","Classical"
"3621","Classical"
"3622","Jazz"
"3624","Classical"
"3627","Classical"
"3628","Classical"
"3630","Classical"
"3634","Classical"
"3638","Jazz"
"3640","Blues"
"3642","Pop"
"3643","Classical"
"3648","Blues"
"3653","Classical"
"3654","Blues"
"3655","Classical"
"3656","Blues"
"3657","Metal"
"3667","Jazz"
"3671","Classical"
"3672","Rock"
"3675","Pop"
"3676","Blues"
"3677","Pop"
"3678","Blues"
"3683","Blues"
"3687","Jazz"
"3691","Classical"
"3692","Classical"
"3695","Pop"
"3699","Metal"
"3703","Pop"
"3704","Blues"
"3707","Blues"
"3708","Jazz"
"3709","Blues"
"3711","Blues"
"3713","Classical"
"3718","Classical"
"3723","Pop"
"3732","Classical"
"3738","Classical"
"3739","Blues"
"3741","Rock"
"3742","Jazz"
"3746","Metal"
"3748","Rock"
"3749","Classical"
"3753","Rock"
"3756","Classical"
"3757","Classical"
"3759","Blues"
"3764","Rock"
"3769","Jazz"
"3770","Classical"
"3772","Jazz"
"3776","Jazz"
"3777","Rock"
"3782","Classical"
"3786","Jazz"
"3790","Pop"
"3795","Metal"
"3799","Classical"
"3806","Classical"
"3810","Blues"
"3811","Jazz"
"3812","Classical"
"3813","Classical"
"3816","Pop"
"3824","Blues"
"3825","Rock"
"3826","Rock"
"3828","Jazz"
"3831","Jazz"
"3832","Classical"
"3834","Pop"
"3837","Metal"
"3841","Jazz"
"3843","Pop"
"3846","Rock"
"3847","Metal"
"3848","Rock"
"3851","Jazz"
"3855","Jazz"
"3861","Rock"
"3864","Jazz"
"3866","Classical"
"3867","Metal"
"3870","Rock"
"3871","Classical"
"3875","Jazz"
"3877","Jazz"
"3880","Classical"
"3882","Jazz"
"3884","Jazz"
"3885","Jazz"
"3886","Jazz"
"3888","Classical"
"3889","Classical"
"3894","Classical"
"3895","Classical"
"3898","Classical"
"3901","Pop"
"3902","Jazz"
"3905","Pop"
"3906","Pop"
"3907","Classical"
"3909","Blues"
"3911","Classical"
"3916","Pop"
"3925","Classical"
"3931","Classical"
"3935","Jazz"
"3942","Pop"
"3943","Jazz"
"3950","Jazz"
"3951","Rock"
"3955","Classical"
"3957","Jazz"
"3960","Classical"
"3961","Classical"
"3963","Classical"
"3964","Jazz"
"3981","Rock"
"3987","Pop"
"3988","Classical"
"3991","Classical"
"3994","Pop"
"3996","Pop"
"4000","Pop"
"4001","Pop"
"4002","Pop"
"4004","Metal"
"4011","Classical"
"4013","Pop"
"4015","Pop"
"4016","Rock"
"4019","Blues"
"4022","Blues"
"4024","Rock"
"4025","Jazz"
"4028","Pop"
"4029","Rock"
"4032","Classical"
"4034","Metal"
"4035","Classical"
"4036","Classical"
"4041","Metal"
"4042","Pop"
"4043","Classical"
"4047","Jazz"
"4048","Blues"
"4052","Jazz"
"4055","Jazz"
"4060","Blues"
"4061","Classical"
"4070","Jazz"
"4073","Rock"
"4074","Jazz"
"4080","Classical"
"4081","Rock"
"4088","Metal"
"4091","Pop"
"4093","Classical"
"4095","Classical"
"4098","Classical"
"4101","Jazz"
"4106","Jazz"
"4113","Rock"
"4117","Classical"
"4120","Rock"
"4121","Classical"
"4122","Metal"
"4127","Metal"
"4128","Classical"
"4129","Jazz"
"4130","Jazz"
"4131","Jazz"
"4132","Metal"
"4133","Pop"
"4134","Blues"
"4143","Blues"
"4145","Classical"
"4155","Jazz"
"4157","Classical"
"4160","Classical"
"4161","Jazz"
"4163","Rock"
"4169","Jazz"
"4170","Metal"
"4172","Classical"
"4173","Classical"
"4174","Classical"
"4177","Classical"
"4181","Jazz"
"4183","Classical"
"4184","Jazz"
"4185","Classical"
"4187","Pop"
"4195","Metal"
"4196","Pop"
"4197","Blues"
"4203","Rock"
"4205","Classical"
"4209","Rock"
"4214","Rock"
"4215","Pop"
"4217","Jazz"
"4218","Classical"
"4219","Jazz"
"4224","Classical"
"4226","Metal"
"4228","Rock"
"4230","Classical"
"4231","Blues"
"4232","Jazz"
"4234","Classical"
"4237","Jazz"
"4238","Metal"
"4244","Classical"
"4247","Classical"
"4248","Jazz"
"4249","Blues"
"4250","Rock"
"4256","Classical"
"4261","Classical"
"4264","Classical"
"4265","Pop"
"4266","Jazz"
"4267","Blues"
"4273","Pop"
"4274","Metal"
"4276","Jazz"
"4282","Pop"
"4283","Metal"
"4284","Jazz"
"4287","Metal"
"4291","Jazz"
"4293","Rock"
"4294","Classical"
"4295","Classical"
"4299","Jazz"
"4300","Classical"
"4305","Rock"
"4307","Pop"
"4308","Pop"
"4311","Pop"
"4314","Blues"
"4319","Metal"
"4322","Rock"
"4323","Classical"
"4325","Jazz"
"4328","Jazz"
"4329","Classical"
"4332","Jazz"
"4337","Classical"
"4338","Jazz"
"4341","Jazz"
"4347","Jazz"
"4354","Classical"
"4366","Blues"
"4368","Jazz"
"4371","Pop"
"4372","Rock"
"4374","Jazz"
"4375","Classical"
"4376","Classical"
"4377","Classical"
"4379","Jazz"
"4381","Metal"
"4383","Jazz"
"4384","Classical"
"4386","Jazz"
"4388","Jazz"
"4393","Jazz"
"4395","Jazz"
"4398","Rock"
"4399","Pop"
"4406","Classical"
"4409","Blues"
"4412","Blues"
"4413","Classical"
"4415","Classical"
"4416","Rock"
"4420","Classical"
"4421","Classical"
"4422","Blues"
"4431","Pop"
"4432","Jazz"
"4437","Classical"
"4441","Pop"
"4444","Pop"
"4445","Classical"
"4446","Jazz"
"4448","Classical"
"4450","Metal"
"4452","Rock"
"4453","Metal"
"4456","Jazz"
"4457","Jazz"
"4459","Classical"
"4461","Classical"
"4462","Blues"
"4463","Blues"
"4464","Rock"
"4466","Classical"
"4467","Pop"
"4468","Jazz"
"4470","Classical"
"4472","Metal"
"4479","Jazz"
"4483","Blues"
"4484","Blues"
"4489","Metal"
"4491","Metal"
"4493","Pop"
"4495","Classical"
"4497","Jazz"
"4500","Jazz"
"4502","Classical"
"4505","Classical"
"4509","Jazz"
"4510","Jazz"
"4512","Rock"
"4514","Rock"
"4515","Metal"
"4516","Rock"
"4517","Jazz"
"4520","Pop"
"4521","Jazz"
"4523","Rock"
"4524","Pop"
"4526","Classical"
"4528","Metal"
"4531","Rock"
"4532","Jazz"
"4537","Classical"
"4540","Jazz"
"4541","Rock"
"4542","Rock"
"4543","Jazz"
"4551","Blues"
"4554","Pop"
"4556","Classical"
"4560","Blues"
"4561","Rock"
"4563","Jazz"
"4565","Rock"
"4566","Blues"
"4569","Metal"
"4575","Metal"
"4580","Rock"
"4581","Classical"
"4586","Pop"
"4587","Rock"
"4591","Jazz"
"4594","Classical"
"4597","Rock"
"4598","Classical"
"4601","Classical"
"4602","Pop"
"4603","Rock"
"4604","Classical"
"4605","Blues"
"4608","Classical"
"4610","Pop"
"4614","Classical"
"4617","Jazz"
"4622","Rock"
"4623","Rock"
"4624","Rock"
"4626","Classical"
"4627","Classical"
"4628","Pop"
"4629","Pop"
"4636","Classical"
"4642","Jazz"
"4643","Rock"
"4647","Rock"
"4652","Classical"
"4653","Jazz"
"4655","Rock"
"4656","Classical"
"4658","Metal"
"4659","Classical"
"4661","Rock"
"4667","Rock"
"4670","Rock"
"4671","Rock"
"4674","Classical"
"4675","Jazz"
"4682","Pop"
"4683","Classical"
"4684","Blues"
"4685","Jazz"
"4687","Rock"
"4691","Rock"
"4696","Pop"
"4697","Jazz"
"4699","Blues"
"4701","Classical"
"4704","Rock"
"4710","Blues"
"4714","Rock"
"4715","Jazz"
"4716","Pop"
"4726","Blues"
"4727","Jazz"
"4731","Classical"
"4734","Classical"
"4735","Metal"
"4739","Jazz"
"4741","Classical"
"4744","Blues"
"4747","Blues"
"4750","Pop"
"4751","Blues"
"4752","Rock"
"4756","Jazz"
"4760","Blues"
"4761","Jazz"
"4765","Classical"
"4767","Pop"
"4770","Pop"
"4772","Rock"
"4774","Jazz"
"4776","Blues"
"4781","Jazz"
"4783","Jazz"
"4786","Classical"
"4792","Jazz"
"4793","Rock"
"4796","Classical"
"4798","Metal"
"4802","Rock"
"4803","Jazz"
"4806","Blues"
"4809","Classical"
"4810","Classical"
"4812","Classical"
"4818","Metal"
"4821","Rock"
"4822","Rock"
"4823","Pop"
"4827","Rock"
"4829","Pop"
"4830","Rock"
"4831","Classical"
"4835","Rock"
"4838","Rock"
"4843","Pop"
"4845","Jazz"
"4847","Jazz"
"4849","Classical"
"4850","Classical"
"4853","Rock"
"4854","Jazz"
"4855","Classical"
"4856","Rock"
"4857","Blues"
"4859","Classical"
"4861","Classical"
"4862","Classical"
"4864","Metal"
"4865","Classical"
"4869","Classical"
"4870","Rock"
"4872","Rock"
"4875","Pop"
"4882","Classical"
"4883","Pop"
"4885","Rock"
"4887","Jazz"
"4890","Classical"
"4891","Jazz"
"4892","Classical"
"4902","Metal"
"4903","Classical"
"4905","Blues"
"4906","Jazz"
"4909","Jazz"
"4913","Classical"
"4918","Jazz"
"4919","Classical"
"4920","Blues"
"4923","Blues"
"4931","Metal"
"4932","Jazz"
"4935","Blues"
"4938","Blues"
"4940","Jazz"
"4941","Jazz"
"4942","Rock"
"4943","Pop"
"4945","Rock"
"4951","Pop"
"4955","Blues"
"4956","Pop"
"4957","Jazz"
"4958","Jazz"
"4959","Blues"
"4960","Metal"
"4961","Classical"
"4964","Classical"
"4968","Jazz"
"4972","Rock"
"4974","Metal"
"4977","Rock"
"4979","Jazz"
"4980","Classical"
"4981","Classical"
"4982","Metal"
"4984","Classical"
"4988","Jazz"
"4989","Blues"
"4993","Rock"
"4994","Rock"
"5002","Pop"
"5004","Jazz"
"5009","Rock"
"5011","Pop"
"5015","Blues"
"5017","Rock"
"5018","Classical"
"5021","Classical"
"5022","Blues"
"5025","Classical"
"5027","Classical"
"5028","Classical"
"5032","Classical"
"5033","Classical"
"5038","Jazz"
"5039","Rock"
"5041","Classical"
"5042","Blues"
"5050","Rock"
"5060","Pop"
"5063","Blues"
"5065","Classical"
"5066","Blues"
"5069","Metal"
"5070","Jazz"
"5072","Metal"
"5073","Classical"
"5075","Metal"
"5076","Classical"
"5078","Jazz"
"5079","Blues"
"5083","Blues"
"5087","Blues"
"5088","Classical"
"5090","Jazz"
"5096","Jazz"
"5099","Rock"
"5104","Rock"
"5105","Jazz"
"5106","Jazz"
"5108","Rock"
"5109","Classical"
"5114","Metal"
"5115","Metal"
"5118","Blues"
"5119","Blues"
"5120","Jazz"
"5124","Classical"
"5125","Rock"
"5126","Classical"
"5127","Jazz"
"5128","Jazz"
"5129","Classical"
"5130","Classical"
"5132","Pop"
"5134","Rock"
"5137","Metal"
"5139","Classical"
"5143","Pop"
"5145","Classical"
"5150","Classical"
"5151","Classical"
"5168","Blues"
"5177","Jazz"
"5178","Pop"
"5179","Blues"
"5185","Classical"
"5194","Metal"
"5198","Classical"
"5200","Jazz"
"5201","Jazz"
"5204","Pop"
"5206","Classical"
"5208","Rock"
"5214","Classical"
"5215","Rock"
"5216","Rock"
"5219","Jazz"
"5229","Classical"
"5231","Classical"
"5232","Classical"
"5241","Jazz"
"5242","Metal"
"5244","Classical"
"5250","Classical"
"5252","Rock"
"5258","Metal"
"5263","Metal"
"5264","Pop"
"5267","Blues"
"5269","Classical"
"5270","Rock"
"5273","Classical"
"5275","Jazz"
"5278","Classical"
"5279","Jazz"
"5283","Rock"
"5289","Classical"
"5294","Pop"
"5296","Pop"
"5297","Blues"
"5298","Jazz"
"5303","Classical"
"5306","Classical"
"5309","Jazz"
"5315","Classical"
"5320","Jazz"
"5321","Pop"
"5326","Blues"
"5335","Classical"
"5338","Classical"
"5339","Jazz"
"5344","Jazz"
"5345","Metal"
"5346","Blues"
"5347","Jazz"
"5351","Pop"
"5354","Blues"
"5355","Pop"
"5358","Classical"
"5360","Jazz"
"5363","Pop"
"5365","Jazz"
"5366","Classical"
"5367","Blues"
"5369","Classical"
"5370","Classical"
"5372","Classical"
"5373","Blues"
"5375","Rock"
"5379","Blues"
"5380","Pop"
"5381","Blues"
"5382","Classical"
"5383","Blues"
"5385","Rock"
"5389","Blues"
"5392","Classical"
"5393","Jazz"
"5397","Classical"
"5399","Rock"
"5404","Metal"
"5405","Classical"
"5408","Classical"
"5409","Classical"
"5412","Jazz"
"5414","Blues"
"5419","Rock"
"5423","Jazz"
"5425","Classical"
"5429","Rock"
"5431","Classical"
"5433","Rock"
"5436","Classical"
"5437","Pop"
"5440","Blues"
"5441","Pop"
"5442","Blues"
"5444","Pop"
"5445","Blues"
"5449","Metal"
"5451","Jazz"
"5454","Classical"
"5455","Blues"
"5460","Jazz"
"5461","Classical"
"5462","Jazz"
"5464","Classical"
"5467","Pop"
"5469","Rock"
"5471","Classical"
"5472","Metal"
"5478","Jazz"
"5483","Jazz"
"5484","Classical"
"5485","Pop"
"5486","Classical"
"5487","Classical"
"5489","Classical"
"5490","Classical"
"5495","Rock"
"5500","Pop"
"5508","Jazz"
"5511","Classical"
"5517","Jazz"
"5529","Jazz"
"5536","Rock"
"5537","Blues"
"5538","Jazz"
"5546","Blues"
"5547","Rock"
"5549","Classical"
"5552","Rock"
"5554","Pop"
"5556","Jazz"
"5557","Classical"
"5558","Rock"
"5563","Metal"
"5572","Jazz"
"5573","Classical"
"5574","Classical"
"5576","Pop"
"5582","Jazz"
"5585","Blues"
"5586","Classical"
"5590","Rock"
"5593","Jazz"
"5596","Pop"
"5597","Classical"
"5598","Rock"
"5599","Classical"
"5600","Blues"
"5601","Jazz"
"5602","Jazz"
"5604","Classical"
"5609","Rock"
"5610","Classical"
"5613","Classical"
"5614","Classical"
"5615","Jazz"
"5617","Rock"
"5618","Classical"
"5622","Metal"
"5623","Rock"
"5627","Classical"
"5628","Classical"
"5631","Rock"
"5634","Jazz"
"5635","Classical"
"5638","Jazz"
"5641","Jazz"
"5644","Pop"
"5646","Jazz"
"5647","Pop"
"5648","Pop"
"5651","Metal"
"5655","Rock"
"5656","Pop"
"5657","Pop"
"5658","Blues"
"5660","Pop"
"5669","Classical"
"5676","Classical"
"5680","Classical"
"5681","Classical"
"5682","Classical"
"5689","Rock"
"5691","Rock"
"5695","Jazz"
"5697","Classical"
"5700","Jazz"
"5701","Jazz"
"5705","Jazz"
"5706","Jazz"
"5710","Blues"
"5713","Classical"
"5718","Classical"
"5719","Pop"
"5720","Metal"
"5722","Jazz"
"5723","Classical"
"5725","Metal"
"5730","Blues"
"5732","Classical"
"5734","Jazz"
"5739","Rock"
"5740","Rock"
"5743","Jazz"
"5745","Jazz"
"5746","Rock"
"5747","Classical"
"5751","Jazz"
"5753","Blues"
"5760","Rock"
"5764","Rock"
"5768","Jazz"
"5771","Classical"
"5775","Classical"
"5777","Jazz"
"5783","Jazz"
"5784","Blues"
"5785","Classical"
"5786","Jazz"
"5789","Jazz"
"5790","Blues"
"5792","Classical"
"5796","Blues"
"5799","Pop"
"5802","Classical"
"5803","Jazz"
"5804","Rock"
"5810","Blues"
"5813","Classical"
"5815","Jazz"
"5817","Blues"
"5821","Jazz"
"5825","Classical"
"5826","Jazz"
"5827","Classical"
"5828","Jazz"
"5829","Classical"
"5830","Blues"
"5833","Jazz"
"5834","Classical"
"5835","Jazz"
"5839","Classical"
"5841","Blues"
"5848","Rock"
"5849","Blues"
"5850","Rock"
"5851","Rock"
"5852","Pop"
"5858","Classical"
"5860","Metal"
"5861","Jazz"
"5865","Jazz"
"5866","Jazz"
"5867","Metal"
"5868","Classical"
"5872","Jazz"
"5875","Pop"
"5882","Blues"
"5885","Pop"
"5886","Jazz"
"5888","Blues"
"5890","Blues"
"5891","Classical"
"5895","Jazz"
"5898","Jazz"
"5899","Classical"
"5901","Blues"
"5903","Metal"
"5905","Metal"
"5913","Jazz"
"5916","Metal"
"5917","Metal"
"5919","Blues"
"5924","Rock"
"5925","Classical"
"5927","Classical"
"5928","Metal"
"5930","Classical"
"5931","Classical"
"5933","Classical"
"5938","Classical"
"5940","Rock"
"5942","Jazz"
"5944","Classical"
"5960","Classical"
"5961","Metal"
"5962","Blues"
"5965","Classical"
"5966","Classical"
"5967","Pop"
"5972","Classical"
"5973","Rock"
"5974","Metal"
"5976","Classical"
"5977","Classical"
"5980","Classical"
"5981","Blues"
"5982","Classical"
"5983","Blues"
"5984","Classical"
"5985","Jazz"
"5989","Rock"
"5990","Pop"
"5991","Rock"
"5992","Blues"
"5994","Rock"
"5995","Jazz"
"5996","Rock"
"5997","Blues"
"6000","Classical"
"6006","Classical"
"6007","Blues"
"6015","Classical"
"6016","Classical"
"6019","Metal"
"6021","Blues"
"6022","Metal"
"6024","Classical"
"6026","Jazz"
"6027","Jazz"
"6031","Pop"
"6032","Pop"
"6034","Jazz"
"6041","Pop"
"6042","Jazz"
"6045","Blues"
"6046","Classical"
"6047","Rock"
"6049","Rock"
"6057","Classical"
"6061","Classical"
"6065","Pop"
"6071","Metal"
"6074","Jazz"
"6075","Rock"
"6078","Pop"
"6080","Classical"
"6086","Classical"
"6092","Classical"
"6094","Classical"
"6102","Classical"
"6104","Jazz"
"6111","Classical"
"6112","Jazz"
"6114","Metal"
"6115","Classical"
"6116","Classical"
"6120","Jazz"
"6121","Pop"
"6122","Rock"
"6127","Jazz"
"6128","Classical"
"6129","Pop"
"6130","Jazz"
"6131","Blues"
"6132","Metal"
"6140","Jazz"
"6141","Jazz"
"6142","Metal"
"6147","Blues"
"6148","Classical"
"6151","Jazz"
"6154","Classical"
"6157","Blues"
"6158","Jazz"
"6161","Jazz"
"6162","Rock"
"6163","Pop"
"6165","Jazz"
"6172","Rock"
"6176","Classical"
"6179","Rock"
"6180","Classical"
"6181","Classical"
"6182","Classical"
"6183","Classical"
"6185","Jazz"
"6189","Jazz"
"6197","Classical"
"6198","Classical"
"6199","Blues"
"6201","Jazz"
"6202","Jazz"
"6203","Jazz"
"6209","Classical"
"6210","Classical"
"6212","Classical"
"6214","Rock"
"6216","Metal"
"6218","Pop"
"6220","Rock"
"6224","Classical"
"6227","Blues"
"6229","Classical"
"6230","Metal"
"6233","Rock"
"6234","Rock"
"6240","Blues"
"6242","Rock"
"6243","Blues"
"6244","Pop"
"6245","Jazz"
"6246","Pop"
"6249","Jazz"
"6250","Classical"
"6252","Jazz"
"6267","Classical"
"6269","Rock"
"6270","Classical"
"6275","Jazz"
"6280","Jazz"
"6282","Classical"
"6285","Blues"
"6286","Jazz"
"6289","Rock"
"6291","Classical"
"6299","Rock"
"6302","Blues"
"6305","Pop"
"6306","Classical"
"6311","Rock"
"6313","Blues"
"6315","Pop"
"6318","Classical"
"6319","Jazz"
"6322","Metal"
"6324","Jazz"
"6325","Rock"
"6327","Rock"
"6332","Metal"
"6335","Jazz"
"6336","Jazz"
"6339","Blues"
"6341","Metal"
"6347","Jazz"
"6350","Blues"
"6351","Jazz"
"6352","Rock"
"6354","Metal"
"6358","Pop"
"6359","Rock"
"6361","Pop"
"6362","Classical"
"6364","Classical"
"6365","Classical"
"6366","Rock"
"6370","Jazz"
"6371","Rock"
"6372","Rock"
"6375","Classical"
"6377","Classical"
"6379","Pop"
"6383","Rock"
"6384","Jazz"
"6386","Classical"
"6388","Rock"
"6391","Classical"
"6392","Metal"
"6397","Classical"
"6402","Pop"
"6405","Metal"
"6408","Blues"
"6409","Pop"
"6411","Jazz"
"6416","Pop"
"6418","Classical"
"6423","Classical"
"6428","Pop"
"6433","Rock"
"6436","Metal"
"6442","Jazz"
"6447","Metal"
"6453","Classical"
"6457","Classical"
"6460","Blues"
"6462","Rock"
"6464","Jazz"
"6465","Classical"
"6475","Rock"
"6479","Jazz"
"6480","Blues"
"6481","Blues"
"6482","Rock"
"6484","Pop"
"6490","Blues"
"6492","Blues"
"6498","Pop"
"6499","Pop"
"6501","Rock"
"6502","Rock"
"6503","Rock"
"6508","Classical"
"6509","Classical"
"6510","Blues"
"6513","Classical"
"6518","Blues"
"6520","Jazz"
"6522","Pop"
"6532","Classical"
"6533","Blues"
"6537","Pop"
"6538","Classical"
"6549","Pop"
"6553","Classical"
"6556","Rock"
"6559","Jazz"
"6561","Blues"
"6562","Classical"
"6565","Classical"
"6570","Classical"
"6571","Jazz"
"6572","Jazz"
"6573","Classical"
"6582","Rock"
"6587","Rock"
"6589","Rock"
"6590","Pop"
"6591","Blues"
"6599","Jazz"
"6601","Jazz"
"6605","Pop"
"6609","Rock"
"6610","Blues"
"6612","Classical"
"6614","Classical"
"6615","Rock"
"6616","Jazz"
"6619","Classical"
"6623","Jazz"
"6624","Classical"
"6640","Classical"
"6646","Jazz"
"6647","Rock"
"6654","Classical"
"6659","Blues"
"6660","Jazz"
"6665","Pop"
"6668","Classical"
"6672","Rock"
"6674","Classical"
"6675","Jazz"
"6681","Metal"
"6685","Classical"
"6688","Jazz"
"6690","Classical"
"6692","Jazz"
"6699","Rock"
"6701","Blues"
"6703","Blues"
"6704","Jazz"
"6709","Classical"
"6710","Classical"
"6712","Metal"
"6713","Blues"
"6714","Pop"
"6718","Rock"
"6719","Pop"
"6720","Jazz"
"6721","Blues"
"6725","Jazz"
"6729","Blues"
"6732","Classical"
"6738","Metal"
"6741","Pop"
"6743","Rock"
"6745","Metal"
"6750","Classical"
"6752","Jazz"
"6753","Pop"
"6755","Rock"
"6756","Jazz"
"6757","Pop"
"6759","Blues"
"6761","Classical"
"6765","Classical"
"6766","Rock"
"6772","Classical"
"6775","Classical"
"6776","Classical"
"6778","Classical"
"6779","Jazz"
"6784","Classical"
"6793","Classical"
"6798","Blues"
"6799","Jazz"
"6800","Classical"
"6807","Jazz"
"6811","Classical"
"6812","Blues"
"6815","Jazz"
"6817","Rock"
"6821","Jazz"
"6823","Classical"
"6825","Jazz"
"6826","Classical"
"6827","Rock"
"6829","Pop"
"6830","Classical"
"6832","Classical"
"6833","Pop"
"6835","Pop"
"6836","Rock"
"6838","Jazz"
"6839","Jazz"
"6840","Classical"
"6841","Blues"
"6842","Pop"
"6845","Classical"
"6848","Classical"
"6849","Pop"
"6857","Rock"
"6859","Blues"
"6861","Blues"
"6862","Classical"
"6864","Jazz"
"6865","Jazz"
"6866","Classical"
"6876","Jazz"
"6878","Jazz"
"6879","Jazz"
"6884","Pop"
"6886","Jazz"
"6890","Classical"
"6893","Classical"
"6897","Pop"
"6898","Blues"
"6899","Classical"
"6903","Metal"
"6904","Blues"
"6905","Blues"
"6908","Blues"
"6915","Blues"
"6919","Metal"
"6926","Jazz"
"6927","Jazz"
"6928","Blues"
"6929","Jazz"
"6934","Classical"
"6935","Jazz"
"6937","Blues"
"6938","Classical"
"6940","Classical"
"6948","Jazz"
"6950","Classical"
"6955","Blues"
"6958","Jazz"
"6961","Metal"
"6962","Jazz"
"6963","Classical"
"6965","Rock"
"6967","Classical"
"6968","Pop"
"6971","Classical"
"6977","Classical"
"6979","Classical"
"6982","Classical"
"6986","Blues"
"6991","Classical"
"6993","Jazz"
"6998","Pop"
"7002","Pop"
"7005","Rock"
"7007","Rock"
"7008","Jazz"
"7012","Blues"
"7013","Rock"
"7015","Jazz"
"7019","Classical"
"7021","Classical"
"7029","Rock"
"7031","Jazz"
"7038","Blues"
"7044","Metal"
"7052","Pop"
"7053","Jazz"
"7054","Classical"
"7056","Classical"
"7057","Classical"
"7062","Jazz"
"7066","Pop"
"7068","Jazz"
"7074","Classical"
"7076","Metal"
"7078","Classical"
"7079","Pop"
"7080","Blues"
"7081","Blues"
"7082","Metal"
"7084","Classical"
"7085","Pop"
"7088","Blues"
"7089","Jazz"
"7090","Classical"
"7094","Jazz"
"7095","Classical"
"7097","Jazz"
"7098","Classical"
"7102","Classical"
"7103","Jazz"
"7104","Jazz"
"7106","Classical"
"7107","Pop"
"7108","Jazz"
"7110","Jazz"
"7113","Classical"
"7116","Blues"
"7117","Classical"
"7118","Jazz"
"7119","Pop"
"7120","Jazz"
"7121","Jazz"
"7124","Jazz"
"7125","Rock"
"7126","Rock"
"7127","Rock"
"7133","Blues"
"7134","Jazz"
"7136","Metal"
"7138","Pop"
"7139","Metal"
"7140","Jazz"
"7141","Blues"
"7142","Metal"
"7145","Pop"
"7148","Rock"
"7149","Jazz"
"7159","Metal"
"7161","Rock"
"7162","Blues"
"7163","Rock"
"7164","Classical"
"7166","Blues"
"7168","Metal"
"7169","Rock"
"7170","Metal"
"7171","Classical"
"7172","Pop"
"7173","Pop"
"7177","Blues"
"7178","Classical"
"7180","Metal"
"7181","Blues"
"7183","Metal"
"7184","Rock"
"7189","Jazz"
"7194","Classical"
"7200","Classical"
"7201","Metal"
"7202","Pop"
"7206","Jazz"
"7207","Rock"
"7208","Jazz"
"7211","Classical"
"7215","Pop"
"7217","Classical"
"7218","Pop"
"7219","Blues"
"7220","Pop"
"7224","Jazz"
"7225","Metal"
"7229","Jazz"
"7232","Jazz"
"7234","Classical"
"7235","Blues"
"7237","Jazz"
"7242","Rock"
"7243","Jazz"
"7248","Classical"
"7249","Metal"
"7251","Classical"
"7252","Rock"
"7253","Classical"
"7256","Pop"
"7260","Classical"
"7261","Classical"
"7263","Jazz"
"7268","Rock"
"7269","Rock"
"7270","Classical"
"7275","Jazz"
"7277","Classical"
"7279","Rock"
"7282","Blues"
"7284","Jazz"
"7288","Classical"
"7299","Classical"
"7300","Blues"
"7303","Classical"
"7308","Classical"
"7309","Classical"
"7311","Blues"
"7313","Classical"
"7315","Metal"
"7317","Rock"
"7319","Pop"
"7323","Pop"
"7324","Jazz"
"7325","Rock"
"7327","Pop"
"7328","Jazz"
"7336","Rock"
"7338","Rock"
"7342","Metal"
"7348","Metal"
"7353","Rock"
"7354","Jazz"
"7356","Jazz"
"7357","Jazz"
"7362","Metal"
"7364","Metal"
"7365","Jazz"
"7368","Blues"
"7372","Jazz"
"7374","Blues"
"7375","Metal"
"7376","Classical"
"7379","Jazz"
"7380","Rock"
"7385","Pop"
"7386","Rock"
"7395","Jazz"
"7397","Pop"
"7399","Classical"
"7402","Classical"
"7404","Classical"
"7405","Rock"
"7409","Classical"
"7410","Blues"
"7412","Classical"
"7413","Pop"
"7414","Pop"
"7415","Jazz"
"7416","Jazz"
"7417","Pop"
"7419","Rock"
"7420","Metal"
"7421","Rock"
"7422","Jazz"
"7425","Classical"
"7426","Rock"
"7428","Blues"
"7429","Jazz"
"7433","Blues"
"7434","Classical"
"7436","Jazz"
"7441","Rock"
"7443","Classical"
"7449","Rock"
"7451","Classical"
"7454","Jazz"
"7457","Rock"
"7458","Classical"
"7459","Classical"
"7461","Blues"
"7465","Classical"
"7466","Rock"
"7468","Pop"
"7473","Pop"
"7483","Classical"
"7484","Metal"
"7485","Pop"
"7488","Blues"
"7489","Classical"
"7491","Classical"
"7493","Rock"
"7496","Classical"
"7505","Classical"
"7506","Jazz"
"7509","Classical"
"7510","Rock"
"7518","Pop"
"7519","Jazz"
"7521","Classical"
"7528","Blues"
"7529","Rock"
"7530","Blues"
"7531","Classical"
"7532","Jazz"
"7535","Classical"
"7536","Blues"
"7537","Classical"
"7538","Blues"
"7542","Pop"
"7543","Classical"
"7548","Pop"
"7550","Classical"
"7551","Jazz"
"7552","Metal"
"7555","Rock"
"7556","Blues"
"7557","Classical"
"7559","Jazz"
"7561","Pop"
"7562","Classical"
"7563","Rock"
"7567","Jazz"
"7570","Jazz"
"7571","Jazz"
"7576","Jazz"
"7580","Jazz"
"7581","Jazz"
"7582","Jazz"
"7584","Classical"
"7587","Jazz"
"7588","Pop"
"7606","Rock"
"7607","Rock"
"7610","Rock"
"7612","Classical"
"7615","Classical"
"7616","Blues"
"7619","Rock"
"7620","Classical"
"7623","Pop"
"7625","Jazz"
"7627","Blues"
"7629","Jazz"
"7632","Rock"
"7639","Pop"
"7642","Jazz"
"7645","Jazz"
"7646","Jazz"
"7647","Metal"
"7654","Classical"
"7656","Rock"
"7657","Rock"
"7661","Jazz"
"7668","Pop"
"7669","Metal"
"7670","Blues"
"7671","Pop"
"7676","Jazz"
"7680","Metal"
"7681","Jazz"
"7685","Rock"
"7688","Classical"
"7691","Metal"
"7697","Jazz"
"7699","Classical"
"7702","Metal"
"7703","Pop"
"7704","Jazz"
"7706","Jazz"
"7709","Metal"
"7711","Classical"
"7714","Blues"
"7715","Classical"
"7717","Blues"
"7718","Classical"
"7719","Rock"
"7721","Blues"
"7724","Jazz"
"7725","Blues"
"7729","Metal"
"7731","Blues"
"7732","Jazz"
"7734","Classical"
"7739","Pop"
"7740","Classical"
"7752","Pop"
"7754","Jazz"
"7758","Pop"
"7759","Classical"
"7760","Pop"
"7761","Rock"
"7764","Blues"
"7771","Classical"
"7772","Jazz"
"7774","Classical"
"7778","Pop"
"7787","Classical"
"7796","Jazz"
"7807","Jazz"
"7808","Classical"
"7809","Classical"
"7812","Classical"
"7814","Jazz"
"7816","Classical"
"7825","Blues"
"7826","Classical"
"7828","Rock"
"7829","Jazz"
"7830","Classical"
"7831","Rock"
"7832","Classical"
"7834","Jazz"
"7836","Jazz"
"7838","Pop"
"7848","Blues"
"7849","Blues"
"7851","Classical"
"7853","Jazz"
"7854","Classical"
"7857","Jazz"
"7859","Rock"
"7862","Rock"
"7864","Jazz"
"7868","Classical"
"7871","Classical"
"7873","Jazz"
"7876","Pop"
"7880","Pop"
"7881","Metal"
"7883","Classical"
"7885","Classical"
"7886","Jazz"
"7892","Classical"
"7895","Jazz"
"7896","Jazz"
"7899","Jazz"
"7900","Blues"
"7901","Classical"
"7902","Blues"
"7905","Classical"
"7907","Classical"
"7909","Pop"
"7910","Pop"
"7911","Classical"
"7913","Pop"
"7916","Blues"
"7918","Blues"
"7919","Blues"
"7921","Metal"
"7922","Rock"
"7923","Blues"
"7924","Pop"
"7928","Classical"
"7940","Blues"
"7949","Rock"
"7951","Jazz"
"7952","Jazz"
"7955","Classical"
"7956","Classical"
"7959","Blues"
"7960","Metal"
"7967","Pop"
"7968","Classical"
"7969","Metal"
"7971","Rock"
"7974","Pop"
"7975","Classical"
"7976","Rock"
"7977","Rock"
"7979","Rock"
"7981","Rock"
"7984","Jazz"
"7986","Blues"
"7987","Blues"
"7988","Rock"
"7992","Classical"
"7993","Metal"
"7994","Classical"
"7995","Classical"
"7996","Classical"
"7997","Pop"
